Unnamed: 0,1: Halo 2,2: Limited Editions,3: Madden,8: Controller,9: Kinect,Dom_Topic
10816,0.24,0.02,0.62,0.03,0.01,3
10817,0.13,0.02,0.65,0.07,0.02,3
10818,0.19,0.05,0.45,0.05,0.05,3
10819,0.09,0.03,0.7,0.03,0.03,3
10820,0.11,0.05,0.47,0.1,0.04,3
10821,0.25,0.05,0.36,0.06,0.05,3
10822,0.1,0.06,0.37,0.07,0.06,3
10823,0.24,0.08,0.15,0.08,0.07,1
10826,0.05,0.02,0.79,0.03,0.02,3
10827,0.1,0.07,0.24,0.07,0.08,3
10828,0.5,0.01,0.4,0.04,0.01,1
10830,0.24,0.06,0.33,0.07,0.05,3
10831,0.36,0.04,0.21,0.11,0.05,1
10832,0.31,0.03,0.45,0.03,0.03,3
10833,0.33,0.06,0.16,0.08,0.06,1
10834,0.1,0.02,0.68,0.04,0.03,3
10835,0.07,0.04,0.63,0.06,0.03,3
10836,0.32,0.05,0.29,0.05,0.04,1
10837,0.16,0.08,0.16,0.1,0.08,1
10839,0.19,0.03,0.59,0.04,0.03,3
10840,0.16,0.06,0.42,0.05,0.05,3
10841,0.14,0.05,0.45,0.07,0.05,3
10842,0.46,0.05,0.17,0.05,0.04,1
10843,0.18,0.07,0.14,0.16,0.09,1
10844,0.61,0.03,0.07,0.05,0.03,1
10845,0.17,0.03,0.63,0.03,0.03,3
10846,0.06,0.01,0.84,0.01,0.01,3
10847,0.05,0.02,0.82,0.02,0.02,3
10848,0.18,0.04,0.2,0.05,0.04,5
10850,0.13,0.03,0.67,0.03,0.02,3
10851,0.08,0.03,0.66,0.04,0.03,3
10852,0.03,0.01,0.87,0.01,0.01,3
10854,0.28,0.06,0.19,0.11,0.06,1
10855,0.27,0.08,0.18,0.09,0.06,1
10856,0.24,0.02,0.62,0.03,0.01,3
10857,0.13,0.02,0.65,0.07,0.02,3
10858,0.19,0.05,0.45,0.05,0.05,3
10859,0.09,0.03,0.7,0.03,0.03,3
10860,0.11,0.05,0.47,0.1,0.04,3
10861,0.25,0.05,0.36,0.06,0.05,3
10862,0.1,0.06,0.37,0.07,0.06,3
10863,0.24,0.08,0.15,0.08,0.07,1
10866,0.05,0.02,0.79,0.03,0.02,3
10867,0.1,0.07,0.24,0.07,0.08,3
10868,0.5,0.01,0.4,0.04,0.01,1
10870,0.24,0.06,0.33,0.07,0.05,3
10871,0.36,0.04,0.21,0.11,0.05,1
10872,0.31,0.03,0.45,0.03,0.03,3
10873,0.33,0.06,0.16,0.08,0.06,1
10874,0.1,0.02,0.68,0.04,0.03,3
10875,0.07,0.04,0.63,0.06,0.03,3
10876,0.32,0.05,0.29,0.05,0.04,1
10877,0.16,0.08,0.16,0.1,0.08,1
10879,0.19,0.03,0.59,0.04,0.03,3
10880,0.16,0.06,0.42,0.05,0.05,3
10881,0.14,0.05,0.45,0.07,0.05,3
10882,0.46,0.05,0.17,0.05,0.04,1
10883,0.18,0.07,0.14,0.16,0.09,1
10884,0.61,0.03,0.07,0.05,0.03,1
10885,0.17,0.03,0.63,0.03,0.03,3
10886,0.06,0.01,0.84,0.01,0.01,3
10887,0.05,0.02,0.82,0.02,0.02,3
10888,0.18,0.04,0.2,0.05,0.04,5
10890,0.13,0.03,0.67,0.03,0.02,3
10891,0.08,0.03,0.66,0.04,0.03,3
10892,0.03,0.01,0.87,0.01,0.01,3
10894,0.28,0.06,0.19,0.11,0.06,1
10895,0.27,0.08,0.18,0.09,0.06,1
11646,0.04,0.03,0.7,0.05,0.03,3
11648,0.21,0.06,0.34,0.09,0.07,3
11650,0.23,0.07,0.23,0.07,0.07,1
11651,0.01,0.0,0.95,0.01,0.0,3
11652,0.03,0.02,0.82,0.02,0.02,3
11653,0.07,0.05,0.58,0.06,0.04,3
11654,0.02,0.02,0.86,0.02,0.01,3
11655,0.05,0.01,0.83,0.02,0.02,3
11656,0.13,0.08,0.21,0.13,0.08,3
11657,0.08,0.05,0.45,0.11,0.05,3
11658,0.15,0.03,0.62,0.03,0.03,3
11659,0.02,0.01,0.92,0.01,0.01,3
11660,0.03,0.02,0.79,0.03,0.02,3
11661,0.07,0.03,0.61,0.1,0.03,3
11662,0.05,0.03,0.65,0.05,0.03,3
11664,0.04,0.03,0.7,0.05,0.03,3
11666,0.21,0.06,0.34,0.09,0.07,3
11668,0.23,0.07,0.23,0.07,0.07,1
11669,0.01,0.0,0.95,0.01,0.0,3
11670,0.03,0.02,0.82,0.02,0.02,3
11671,0.07,0.05,0.58,0.06,0.04,3
11672,0.02,0.02,0.86,0.02,0.01,3
11673,0.05,0.01,0.83,0.02,0.02,3
11674,0.13,0.08,0.21,0.13,0.08,3
11675,0.08,0.05,0.45,0.11,0.05,3
11676,0.15,0.03,0.62,0.03,0.03,3
11677,0.02,0.01,0.92,0.01,0.01,3
11678,0.03,0.02,0.79,0.03,0.02,3
11679,0.07,0.03,0.61,0.1,0.03,3
11680,0.05,0.03,0.65,0.05,0.03,3
11682,0.63,0.03,0.06,0.07,0.03,1
11683,0.81,0.02,0.03,0.03,0.02,1
11687,0.89,0.01,0.01,0.05,0.01,1
11690,0.72,0.03,0.08,0.03,0.02,1
11693,0.5,0.05,0.15,0.06,0.04,1
11694,0.35,0.06,0.15,0.09,0.06,1
11696,0.49,0.06,0.08,0.09,0.05,1
11697,0.68,0.03,0.1,0.02,0.03,1
11698,0.83,0.02,0.03,0.02,0.02,1
11699,0.59,0.03,0.06,0.16,0.03,1
11701,0.26,0.02,0.03,0.56,0.02,8
11702,0.74,0.03,0.04,0.03,0.03,1
11704,0.42,0.03,0.11,0.05,0.03,1
11706,0.22,0.09,0.14,0.08,0.08,1
11707,0.85,0.01,0.03,0.02,0.02,1
11709,0.27,0.03,0.04,0.04,0.45,9
11710,0.82,0.02,0.03,0.02,0.02,1
11711,0.93,0.01,0.01,0.01,0.01,1
11713,0.5,0.05,0.07,0.05,0.06,1
11715,0.54,0.03,0.21,0.05,0.03,1
11716,0.82,0.02,0.03,0.03,0.02,1
11717,0.51,0.05,0.07,0.05,0.07,1
11718,0.42,0.05,0.1,0.06,0.06,1
11719,0.28,0.06,0.17,0.11,0.06,1
11721,0.57,0.04,0.07,0.04,0.05,1
11723,0.51,0.02,0.28,0.04,0.02,1
11725,0.55,0.03,0.11,0.11,0.03,1
11726,0.72,0.03,0.06,0.03,0.03,1
11727,0.56,0.04,0.12,0.06,0.04,1
11728,0.85,0.01,0.04,0.02,0.02,1
11730,0.56,0.04,0.07,0.07,0.04,1
11731,0.58,0.01,0.31,0.02,0.02,1
11732,0.44,0.04,0.08,0.06,0.22,1
11733,0.83,0.01,0.06,0.01,0.02,1
11734,0.35,0.06,0.09,0.07,0.06,1
11735,0.85,0.01,0.04,0.02,0.01,1
11736,0.51,0.04,0.12,0.06,0.08,1
11737,0.48,0.05,0.1,0.07,0.04,1
11738,0.36,0.06,0.14,0.08,0.06,1
11739,0.63,0.04,0.1,0.04,0.03,1
11742,0.55,0.05,0.06,0.08,0.04,1
11743,0.63,0.03,0.06,0.07,0.03,1
11744,0.81,0.02,0.03,0.03,0.02,1
11748,0.89,0.01,0.01,0.05,0.01,1
11751,0.72,0.03,0.08,0.03,0.02,1
11754,0.5,0.05,0.15,0.06,0.04,1
11755,0.35,0.06,0.15,0.09,0.06,1
11757,0.49,0.06,0.08,0.09,0.05,1
11758,0.68,0.03,0.1,0.02,0.03,1
11759,0.83,0.02,0.03,0.02,0.02,1
11760,0.59,0.03,0.06,0.16,0.03,1
11762,0.26,0.02,0.03,0.56,0.02,8
11763,0.74,0.03,0.04,0.03,0.03,1
11765,0.42,0.03,0.11,0.05,0.03,1
11767,0.22,0.09,0.14,0.08,0.08,1
11768,0.85,0.01,0.03,0.02,0.02,1
11770,0.27,0.03,0.04,0.04,0.45,9
11771,0.82,0.02,0.03,0.02,0.02,1
11772,0.93,0.01,0.01,0.01,0.01,1
11774,0.5,0.05,0.07,0.05,0.06,1
11776,0.54,0.03,0.21,0.05,0.03,1
11777,0.82,0.02,0.03,0.03,0.02,1
11778,0.51,0.05,0.07,0.05,0.07,1
11779,0.42,0.05,0.1,0.06,0.06,1
11780,0.28,0.06,0.17,0.11,0.06,1
11782,0.57,0.04,0.07,0.04,0.05,1
11784,0.51,0.02,0.28,0.04,0.02,1
11786,0.55,0.03,0.11,0.11,0.03,1
11787,0.72,0.03,0.06,0.03,0.03,1
11788,0.56,0.04,0.12,0.06,0.04,1
11789,0.85,0.01,0.04,0.02,0.02,1
11791,0.56,0.04,0.07,0.07,0.04,1
11792,0.58,0.01,0.31,0.02,0.02,1
11793,0.44,0.04,0.08,0.06,0.22,1
11794,0.83,0.01,0.06,0.01,0.02,1
11795,0.35,0.06,0.09,0.07,0.06,1
11796,0.85,0.01,0.04,0.02,0.01,1
11797,0.51,0.04,0.12,0.06,0.08,1
11798,0.48,0.05,0.1,0.07,0.04,1
11799,0.36,0.06,0.14,0.08,0.06,1
11800,0.63,0.04,0.1,0.04,0.03,1
11803,0.55,0.05,0.06,0.08,0.04,1
11858,0.08,0.03,0.74,0.03,0.02,3
11859,0.06,0.02,0.84,0.02,0.01,3
11860,0.03,0.01,0.86,0.02,0.01,3
11861,0.21,0.09,0.3,0.07,0.05,3
11862,0.17,0.03,0.62,0.03,0.03,3
11865,0.18,0.07,0.31,0.1,0.06,3
11866,0.04,0.02,0.77,0.03,0.02,3
11867,0.1,0.06,0.56,0.05,0.04,3
11868,0.05,0.03,0.72,0.04,0.03,3
11870,0.03,0.02,0.76,0.06,0.02,3
11871,0.09,0.06,0.43,0.08,0.06,3
11872,0.07,0.02,0.78,0.03,0.02,3
11873,0.25,0.03,0.47,0.06,0.03,3
11874,0.12,0.05,0.44,0.07,0.05,3
11876,0.08,0.06,0.48,0.06,0.05,3
11877,0.02,0.02,0.86,0.02,0.01,3
11878,0.07,0.04,0.58,0.05,0.04,3
11880,0.13,0.05,0.44,0.07,0.05,3
11881,0.01,0.01,0.93,0.01,0.01,3
11882,0.14,0.07,0.38,0.07,0.06,3
11883,0.19,0.06,0.28,0.11,0.06,3
11884,0.02,0.01,0.91,0.01,0.01,3
11885,0.01,0.01,0.92,0.01,0.01,3
11886,0.13,0.06,0.42,0.07,0.05,3
11888,0.12,0.05,0.47,0.05,0.06,3
11889,0.08,0.03,0.74,0.03,0.02,3
11890,0.06,0.02,0.84,0.02,0.01,3
11891,0.03,0.01,0.86,0.02,0.01,3
11892,0.21,0.09,0.3,0.07,0.05,3
11893,0.17,0.03,0.62,0.03,0.03,3
11896,0.18,0.07,0.31,0.1,0.06,3
11897,0.04,0.02,0.77,0.03,0.02,3
11898,0.1,0.06,0.56,0.05,0.04,3
11899,0.05,0.03,0.72,0.04,0.03,3
11901,0.03,0.02,0.76,0.06,0.02,3
11902,0.09,0.06,0.43,0.08,0.06,3
11903,0.07,0.02,0.78,0.03,0.02,3
11904,0.25,0.03,0.47,0.06,0.03,3
11905,0.12,0.05,0.44,0.07,0.05,3
11907,0.08,0.06,0.48,0.06,0.05,3
11908,0.02,0.02,0.86,0.02,0.01,3
11909,0.07,0.04,0.58,0.05,0.04,3
11911,0.13,0.05,0.44,0.07,0.05,3
11912,0.01,0.01,0.93,0.01,0.01,3
11913,0.14,0.07,0.38,0.07,0.06,3
11914,0.19,0.06,0.28,0.11,0.06,3
11915,0.02,0.01,0.91,0.01,0.01,3
11916,0.01,0.01,0.92,0.01,0.01,3
11917,0.13,0.06,0.42,0.07,0.05,3
11919,0.12,0.05,0.47,0.05,0.06,3
11920,0.16,0.03,0.17,0.06,0.03,7
11921,0.3,0.06,0.17,0.1,0.06,1
11924,0.24,0.1,0.14,0.07,0.07,1
11926,0.43,0.02,0.05,0.03,0.02,1
11931,0.16,0.03,0.17,0.06,0.03,7
11932,0.3,0.06,0.17,0.1,0.06,1
11935,0.24,0.1,0.14,0.07,0.07,1
11937,0.43,0.02,0.05,0.03,0.02,1
12754,0.12,0.02,0.68,0.08,0.02,3
12756,0.47,0.04,0.14,0.06,0.05,1
12757,0.28,0.06,0.18,0.11,0.06,1
12758,0.21,0.04,0.48,0.04,0.03,3
12761,0.19,0.06,0.36,0.1,0.05,3
12764,0.12,0.02,0.68,0.08,0.02,3
12766,0.47,0.04,0.14,0.06,0.05,1
12767,0.28,0.06,0.18,0.11,0.06,1
12768,0.21,0.04,0.48,0.04,0.03,3
12771,0.19,0.06,0.36,0.1,0.05,3
13714,0.49,0.04,0.14,0.05,0.05,1
13716,0.41,0.07,0.17,0.05,0.06,1
13718,0.18,0.09,0.16,0.09,0.08,1
13721,0.23,0.07,0.12,0.08,0.12,1
13723,0.7,0.03,0.06,0.03,0.03,1
13735,0.49,0.04,0.14,0.05,0.05,1
13737,0.41,0.07,0.17,0.05,0.06,1
13739,0.18,0.09,0.16,0.09,0.08,1
13742,0.23,0.07,0.12,0.08,0.12,1
13744,0.7,0.03,0.06,0.03,0.03,1
14694,0.08,0.03,0.68,0.04,0.03,3
14695,0.2,0.04,0.5,0.05,0.04,3
14697,0.03,0.01,0.85,0.03,0.01,3
14700,0.14,0.08,0.21,0.09,0.08,3
14702,0.22,0.03,0.53,0.04,0.03,3
14704,0.08,0.03,0.68,0.04,0.03,3
14705,0.2,0.04,0.5,0.05,0.04,3
14707,0.03,0.01,0.85,0.03,0.01,3
14710,0.14,0.08,0.21,0.09,0.08,3
14712,0.22,0.03,0.53,0.04,0.03,3
15508,0.28,0.04,0.15,0.26,0.04,1
15509,0.87,0.01,0.02,0.02,0.01,1
15510,0.79,0.02,0.03,0.03,0.02,1
15512,0.5,0.05,0.06,0.06,0.05,1
15513,0.5,0.03,0.05,0.04,0.2,1
15514,0.83,0.02,0.03,0.03,0.02,1
15515,0.88,0.01,0.02,0.02,0.01,1
15516,0.51,0.04,0.14,0.05,0.04,1
15517,0.6,0.03,0.07,0.07,0.04,1
15518,0.64,0.03,0.08,0.04,0.03,1
15519,0.53,0.04,0.12,0.07,0.04,1
15522,0.6,0.04,0.07,0.04,0.05,1
15523,0.8,0.02,0.04,0.03,0.02,1
15524,0.51,0.05,0.09,0.05,0.05,1
15525,0.37,0.06,0.1,0.08,0.07,1
15526,0.88,0.01,0.02,0.02,0.01,1
15527,0.19,0.02,0.21,0.03,0.02,7
15528,0.58,0.04,0.06,0.04,0.03,1
15529,0.8,0.02,0.03,0.03,0.02,1
15530,0.85,0.02,0.02,0.02,0.02,1
15531,0.37,0.07,0.11,0.08,0.06,1
15532,0.28,0.04,0.15,0.26,0.04,1
15533,0.87,0.01,0.02,0.02,0.01,1
15534,0.79,0.02,0.03,0.03,0.02,1
15536,0.5,0.05,0.06,0.06,0.05,1
15537,0.5,0.03,0.05,0.04,0.2,1
15538,0.83,0.02,0.03,0.03,0.02,1
15539,0.88,0.01,0.02,0.02,0.01,1
15540,0.51,0.04,0.14,0.05,0.04,1
15541,0.6,0.03,0.07,0.07,0.04,1
15542,0.64,0.03,0.08,0.04,0.03,1
15543,0.53,0.04,0.12,0.07,0.04,1
15546,0.6,0.04,0.07,0.04,0.05,1
15547,0.8,0.02,0.04,0.03,0.02,1
15548,0.51,0.05,0.09,0.05,0.05,1
15549,0.37,0.06,0.1,0.08,0.07,1
15550,0.88,0.01,0.02,0.02,0.01,1
15551,0.19,0.02,0.21,0.03,0.02,7
15552,0.58,0.04,0.06,0.04,0.03,1
15553,0.8,0.02,0.03,0.03,0.02,1
15554,0.85,0.02,0.02,0.02,0.02,1
15555,0.37,0.07,0.11,0.08,0.06,1
16990,0.03,0.01,0.88,0.02,0.01,3
16991,0.29,0.03,0.38,0.12,0.04,3
16992,0.07,0.02,0.77,0.02,0.02,3
16993,0.04,0.01,0.88,0.01,0.01,3
16994,0.05,0.02,0.78,0.02,0.02,3
16995,0.02,0.01,0.92,0.01,0.01,3
16996,0.1,0.02,0.72,0.04,0.02,3
16997,0.05,0.03,0.73,0.03,0.03,3
16998,0.13,0.04,0.57,0.05,0.04,3
17000,0.11,0.06,0.45,0.08,0.05,3
17001,0.03,0.01,0.88,0.02,0.01,3
17002,0.29,0.03,0.38,0.12,0.04,3
17003,0.07,0.02,0.77,0.02,0.02,3
17004,0.04,0.01,0.88,0.01,0.01,3
17005,0.05,0.02,0.78,0.02,0.02,3
17006,0.02,0.01,0.92,0.01,0.01,3
17007,0.1,0.02,0.72,0.04,0.02,3
17008,0.05,0.03,0.73,0.03,0.03,3
17009,0.13,0.04,0.57,0.05,0.04,3
17011,0.11,0.06,0.45,0.08,0.05,3
18738,0.52,0.02,0.32,0.03,0.02,1
18739,0.57,0.04,0.08,0.09,0.04,1
18741,0.65,0.03,0.07,0.06,0.03,1
18743,0.79,0.02,0.05,0.02,0.02,1
18744,0.43,0.05,0.11,0.12,0.05,1
18745,0.57,0.11,0.07,0.04,0.03,1
18746,0.81,0.02,0.03,0.02,0.02,1
18747,0.74,0.02,0.05,0.07,0.02,1
18748,0.53,0.05,0.16,0.05,0.03,1
18749,0.78,0.03,0.04,0.02,0.02,1
18751,0.14,0.02,0.04,0.02,0.02,5
18753,0.74,0.02,0.07,0.03,0.02,1
18754,0.77,0.02,0.04,0.03,0.02,1
18755,0.89,0.01,0.02,0.02,0.01,1
18756,0.26,0.09,0.09,0.11,0.07,1
18757,0.86,0.02,0.03,0.02,0.01,1
18758,0.46,0.03,0.06,0.04,0.03,1
18759,0.79,0.02,0.04,0.05,0.02,1
18762,0.4,0.06,0.13,0.1,0.05,1
18764,0.54,0.05,0.15,0.06,0.03,1
18766,0.87,0.01,0.03,0.01,0.01,1
18767,0.75,0.03,0.05,0.02,0.02,1
18768,0.17,0.09,0.11,0.08,0.09,1
18769,0.79,0.02,0.04,0.02,0.02,1
18770,0.72,0.03,0.05,0.03,0.03,1
18772,0.48,0.03,0.05,0.03,0.03,1
18773,0.52,0.02,0.32,0.03,0.02,1
18774,0.57,0.04,0.08,0.09,0.04,1
18776,0.65,0.03,0.07,0.06,0.03,1
18778,0.79,0.02,0.05,0.02,0.02,1
18779,0.43,0.05,0.11,0.12,0.05,1
18780,0.57,0.11,0.07,0.04,0.03,1
18781,0.81,0.02,0.03,0.02,0.02,1
18782,0.74,0.02,0.05,0.07,0.02,1
18783,0.53,0.05,0.16,0.05,0.03,1
18784,0.78,0.03,0.04,0.02,0.02,1
18786,0.14,0.02,0.04,0.02,0.02,5
18788,0.74,0.02,0.07,0.03,0.02,1
18789,0.77,0.02,0.04,0.03,0.02,1
18790,0.89,0.01,0.02,0.02,0.01,1
18791,0.26,0.09,0.09,0.11,0.07,1
18792,0.86,0.02,0.03,0.02,0.01,1
18793,0.46,0.03,0.06,0.04,0.03,1
18794,0.79,0.02,0.04,0.05,0.02,1
18797,0.4,0.06,0.13,0.1,0.05,1
18799,0.54,0.05,0.15,0.06,0.03,1
18801,0.87,0.01,0.03,0.01,0.01,1
18802,0.75,0.03,0.05,0.02,0.02,1
18803,0.17,0.09,0.11,0.08,0.09,1
18804,0.79,0.02,0.04,0.02,0.02,1
18805,0.72,0.03,0.05,0.03,0.03,1
18807,0.48,0.03,0.05,0.03,0.03,1
19863,0.19,0.09,0.11,0.09,0.08,1
19865,0.33,0.07,0.12,0.05,0.04,1
19867,0.26,0.05,0.22,0.09,0.06,1
19870,0.37,0.05,0.06,0.06,0.05,1
19872,0.19,0.09,0.11,0.09,0.08,1
19874,0.33,0.07,0.12,0.05,0.04,1
19876,0.26,0.05,0.22,0.09,0.06,1
19879,0.37,0.05,0.06,0.06,0.05,1
20732,0.17,0.07,0.1,0.29,0.06,8
20734,0.78,0.02,0.04,0.02,0.02,1
20735,0.85,0.02,0.02,0.03,0.01,1
20736,0.8,0.02,0.03,0.03,0.02,1
20737,0.88,0.01,0.01,0.06,0.01,1
20738,0.26,0.05,0.08,0.35,0.04,8
20740,0.51,0.02,0.04,0.29,0.02,1
20741,0.85,0.01,0.03,0.02,0.02,1
20742,0.88,0.01,0.03,0.02,0.01,1
20743,0.29,0.04,0.1,0.11,0.05,1
20744,0.17,0.07,0.1,0.29,0.06,8
20746,0.78,0.02,0.04,0.02,0.02,1
20747,0.85,0.02,0.02,0.03,0.01,1
20748,0.8,0.02,0.03,0.03,0.02,1
20749,0.88,0.01,0.01,0.06,0.01,1
20750,0.26,0.05,0.08,0.35,0.04,8
20752,0.51,0.02,0.04,0.29,0.02,1
20753,0.85,0.01,0.03,0.02,0.02,1
20754,0.88,0.01,0.03,0.02,0.01,1
20755,0.29,0.04,0.1,0.11,0.05,1
24566,0.02,0.01,0.9,0.01,0.01,3
24568,0.14,0.03,0.59,0.06,0.03,3
24570,0.1,0.05,0.47,0.07,0.05,3
24571,0.06,0.03,0.73,0.03,0.03,3
24572,0.02,0.01,0.9,0.01,0.01,3
24574,0.14,0.03,0.59,0.06,0.03,3
24576,0.1,0.05,0.47,0.07,0.05,3
24577,0.06,0.03,0.73,0.03,0.03,3
24578,0.49,0.03,0.26,0.04,0.03,1
24579,0.86,0.01,0.08,0.02,0.01,1
24580,0.81,0.02,0.06,0.02,0.02,1
24581,0.79,0.02,0.05,0.03,0.02,1
24582,0.77,0.02,0.07,0.03,0.02,1
24584,0.48,0.05,0.12,0.06,0.05,1
24585,0.38,0.05,0.23,0.05,0.05,1
24586,0.42,0.04,0.26,0.03,0.03,1
24587,0.79,0.02,0.06,0.02,0.02,1
24588,0.7,0.02,0.13,0.06,0.02,1
24590,0.55,0.04,0.14,0.04,0.04,1
24591,0.49,0.03,0.26,0.04,0.03,1
24592,0.86,0.01,0.08,0.02,0.01,1
24593,0.81,0.02,0.06,0.02,0.02,1
24594,0.79,0.02,0.05,0.03,0.02,1
24595,0.77,0.02,0.07,0.03,0.02,1
24597,0.48,0.05,0.12,0.06,0.05,1
24598,0.38,0.05,0.23,0.05,0.05,1
24599,0.42,0.04,0.26,0.03,0.03,1
24600,0.79,0.02,0.06,0.02,0.02,1
24601,0.7,0.02,0.13,0.06,0.02,1
24603,0.55,0.04,0.14,0.04,0.04,1
24604,0.55,0.05,0.08,0.05,0.04,1
24605,0.17,0.02,0.09,0.03,0.02,4
24606,0.84,0.01,0.04,0.02,0.02,1
24607,0.8,0.02,0.06,0.02,0.02,1
24608,0.3,0.04,0.14,0.05,0.04,1
24609,0.17,0.08,0.14,0.09,0.08,1
24610,0.29,0.07,0.14,0.11,0.07,1
24611,0.91,0.01,0.02,0.01,0.01,1
24612,0.46,0.04,0.11,0.07,0.05,1
24613,0.58,0.02,0.03,0.06,0.02,1
24614,0.4,0.05,0.17,0.08,0.05,1
24615,0.55,0.05,0.08,0.05,0.04,1
24616,0.17,0.02,0.09,0.03,0.02,4
24617,0.84,0.01,0.04,0.02,0.02,1
24618,0.8,0.02,0.06,0.02,0.02,1
24619,0.3,0.04,0.14,0.05,0.04,1
24620,0.17,0.08,0.14,0.09,0.08,1
24621,0.29,0.07,0.14,0.11,0.07,1
24622,0.91,0.01,0.02,0.01,0.01,1
24623,0.46,0.04,0.11,0.07,0.05,1
24624,0.58,0.02,0.03,0.06,0.02,1
24625,0.4,0.05,0.17,0.08,0.05,1
25598,0.55,0.03,0.16,0.04,0.03,1
25599,0.15,0.05,0.31,0.07,0.05,3
25600,0.78,0.01,0.09,0.02,0.02,1
25601,0.76,0.02,0.07,0.02,0.02,1
25602,0.64,0.03,0.11,0.04,0.03,1
25603,0.55,0.03,0.16,0.04,0.03,1
25604,0.15,0.05,0.31,0.07,0.05,3
25605,0.78,0.01,0.09,0.02,0.02,1
25606,0.76,0.02,0.07,0.02,0.02,1
25607,0.64,0.03,0.11,0.04,0.03,1
26428,0.93,0.01,0.01,0.01,0.01,1
26429,0.72,0.03,0.04,0.03,0.03,1
26430,0.28,0.07,0.16,0.12,0.06,1
26431,0.48,0.05,0.09,0.06,0.05,1
26432,0.89,0.01,0.02,0.02,0.01,1
26433,0.81,0.02,0.03,0.02,0.02,1
26434,0.93,0.01,0.01,0.01,0.01,1
26435,0.72,0.03,0.04,0.03,0.03,1
26436,0.28,0.07,0.16,0.12,0.06,1
26437,0.48,0.05,0.09,0.06,0.05,1
26438,0.89,0.01,0.02,0.02,0.01,1
26439,0.81,0.02,0.03,0.02,0.02,1
27902,0.92,0.01,0.01,0.02,0.01,1
27903,0.47,0.21,0.06,0.05,0.03,1
27904,0.63,0.06,0.05,0.03,0.04,1
27905,0.62,0.04,0.06,0.07,0.03,1
27906,0.16,0.27,0.07,0.19,0.05,2
27909,0.24,0.17,0.1,0.09,0.08,1
27910,0.07,0.36,0.07,0.13,0.06,2
27911,0.75,0.02,0.05,0.09,0.02,1
27912,0.93,0.01,0.01,0.01,0.01,1
27913,0.78,0.03,0.03,0.05,0.02,1
27915,0.74,0.03,0.04,0.03,0.02,1
27916,0.87,0.02,0.02,0.02,0.01,1
27917,0.78,0.03,0.03,0.03,0.02,1
27919,0.85,0.03,0.03,0.02,0.01,1
27921,0.26,0.19,0.08,0.15,0.06,1
27922,0.72,0.05,0.04,0.03,0.03,1
27923,0.16,0.41,0.09,0.09,0.04,2
27925,0.84,0.02,0.02,0.03,0.02,1
27926,0.86,0.02,0.02,0.03,0.01,1
27927,0.59,0.05,0.05,0.13,0.03,1
27928,0.23,0.64,0.02,0.02,0.01,2
27929,0.13,0.44,0.07,0.07,0.05,2
27931,0.14,0.08,0.13,0.21,0.07,8
27932,0.93,0.01,0.01,0.01,0.01,1
27933,0.19,0.5,0.06,0.05,0.03,2
27934,0.1,0.33,0.09,0.11,0.06,2
27936,0.89,0.02,0.02,0.02,0.01,1
27937,0.5,0.04,0.1,0.07,0.04,1
27939,0.78,0.06,0.03,0.02,0.02,1
27940,0.73,0.02,0.06,0.05,0.02,1
27941,0.61,0.06,0.06,0.04,0.04,1
27942,0.28,0.36,0.07,0.05,0.04,2
27944,0.02,0.91,0.01,0.01,0.01,2
27945,0.92,0.01,0.01,0.02,0.01,1
27946,0.89,0.01,0.02,0.01,0.01,1
27947,0.88,0.03,0.01,0.01,0.01,1
27948,0.96,0.01,0.0,0.01,0.0,1
27949,0.66,0.04,0.06,0.04,0.03,1
27951,0.17,0.08,0.14,0.1,0.08,1
27952,0.58,0.04,0.08,0.06,0.04,1
27953,0.97,0.0,0.0,0.0,0.0,1
27954,0.93,0.02,0.01,0.01,0.01,1
27955,0.42,0.12,0.08,0.11,0.04,1
27956,0.87,0.04,0.01,0.01,0.01,1
27958,0.93,0.01,0.01,0.01,0.01,1
27959,0.15,0.35,0.12,0.09,0.05,2
27961,0.54,0.29,0.05,0.03,0.02,1
27962,0.92,0.01,0.01,0.02,0.01,1
27963,0.47,0.21,0.06,0.05,0.03,1
27964,0.63,0.06,0.05,0.03,0.04,1
27965,0.62,0.04,0.06,0.07,0.03,1
27966,0.16,0.27,0.07,0.19,0.05,2
27969,0.24,0.17,0.1,0.09,0.08,1
27970,0.07,0.36,0.07,0.13,0.06,2
27971,0.75,0.02,0.05,0.09,0.02,1
27972,0.93,0.01,0.01,0.01,0.01,1
27973,0.78,0.03,0.03,0.05,0.02,1
27975,0.74,0.03,0.04,0.03,0.02,1
27976,0.87,0.02,0.02,0.02,0.01,1
27977,0.78,0.03,0.03,0.03,0.02,1
27979,0.85,0.03,0.03,0.02,0.01,1
27981,0.26,0.19,0.08,0.15,0.06,1
27982,0.72,0.05,0.04,0.03,0.03,1
27983,0.16,0.41,0.09,0.09,0.04,2
27985,0.84,0.02,0.02,0.03,0.02,1
27986,0.86,0.02,0.02,0.03,0.01,1
27987,0.59,0.05,0.05,0.13,0.03,1
27988,0.23,0.64,0.02,0.02,0.01,2
27989,0.13,0.44,0.07,0.07,0.05,2
27991,0.14,0.08,0.13,0.21,0.07,8
27992,0.93,0.01,0.01,0.01,0.01,1
27993,0.19,0.5,0.06,0.05,0.03,2
27994,0.1,0.33,0.09,0.11,0.06,2
27996,0.89,0.02,0.02,0.02,0.01,1
27997,0.5,0.04,0.1,0.07,0.04,1
27999,0.78,0.06,0.03,0.02,0.02,1
28000,0.73,0.02,0.06,0.05,0.02,1
28001,0.61,0.06,0.06,0.04,0.04,1
28002,0.28,0.36,0.07,0.05,0.04,2
28004,0.02,0.91,0.01,0.01,0.01,2
28005,0.92,0.01,0.01,0.02,0.01,1
28006,0.89,0.01,0.02,0.01,0.01,1
28007,0.88,0.03,0.01,0.01,0.01,1
28008,0.96,0.01,0.0,0.01,0.0,1
28009,0.66,0.04,0.06,0.04,0.03,1
28011,0.17,0.08,0.14,0.1,0.08,1
28012,0.58,0.04,0.08,0.06,0.04,1
28013,0.97,0.0,0.0,0.0,0.0,1
28014,0.93,0.02,0.01,0.01,0.01,1
28015,0.42,0.12,0.08,0.11,0.04,1
28016,0.87,0.04,0.01,0.01,0.01,1
28018,0.93,0.01,0.01,0.01,0.01,1
28019,0.15,0.35,0.12,0.09,0.05,2
28021,0.54,0.29,0.05,0.03,0.02,1
28026,0.95,0.01,0.01,0.01,0.01,1
28027,0.55,0.05,0.11,0.07,0.04,1
28029,0.79,0.03,0.04,0.04,0.02,1
28031,0.35,0.02,0.09,0.03,0.02,7
28037,0.95,0.01,0.01,0.01,0.01,1
28038,0.55,0.05,0.11,0.07,0.04,1
28040,0.79,0.03,0.04,0.04,0.02,1
28042,0.35,0.02,0.09,0.03,0.02,7
29116,0.59,0.04,0.07,0.06,0.04,1
29117,0.42,0.04,0.18,0.12,0.04,1
29118,0.89,0.01,0.01,0.02,0.01,1
29120,0.61,0.02,0.04,0.24,0.01,1
29121,0.34,0.32,0.08,0.05,0.04,1
29122,0.08,0.02,0.09,0.02,0.02,5
29123,0.55,0.03,0.09,0.05,0.04,1
29125,0.9,0.01,0.02,0.01,0.01,1
29127,0.63,0.04,0.06,0.05,0.03,1
29128,0.35,0.06,0.12,0.1,0.06,1
29129,0.87,0.02,0.02,0.02,0.01,1
29130,0.36,0.05,0.15,0.06,0.05,1
29132,0.15,0.07,0.15,0.16,0.08,8
29133,0.53,0.1,0.07,0.04,0.04,1
29135,0.28,0.05,0.07,0.08,0.04,5
29136,0.22,0.09,0.13,0.11,0.07,1
29137,0.16,0.21,0.12,0.09,0.07,2
29138,0.59,0.04,0.07,0.06,0.04,1
29139,0.42,0.04,0.18,0.12,0.04,1
29140,0.89,0.01,0.01,0.02,0.01,1
29142,0.61,0.02,0.04,0.24,0.01,1
29143,0.34,0.32,0.08,0.05,0.04,1
29144,0.08,0.02,0.09,0.02,0.02,5
29145,0.55,0.03,0.09,0.05,0.04,1
29147,0.9,0.01,0.02,0.01,0.01,1
29149,0.63,0.04,0.06,0.05,0.03,1
29150,0.35,0.06,0.12,0.1,0.06,1
29151,0.87,0.02,0.02,0.02,0.01,1
29152,0.36,0.05,0.15,0.06,0.05,1
29154,0.15,0.07,0.15,0.16,0.08,8
29155,0.53,0.1,0.07,0.04,0.04,1
29157,0.28,0.05,0.07,0.08,0.04,5
29158,0.22,0.09,0.13,0.11,0.07,1
29159,0.16,0.21,0.12,0.09,0.07,2
30074,0.78,0.02,0.05,0.02,0.02,1
30075,0.62,0.05,0.06,0.06,0.04,1
30077,0.9,0.01,0.03,0.01,0.01,1
30078,0.95,0.01,0.01,0.01,0.01,1
30079,0.65,0.04,0.05,0.06,0.03,1
30080,0.35,0.07,0.1,0.07,0.06,1
30081,0.46,0.05,0.12,0.08,0.05,1
30082,0.79,0.02,0.03,0.07,0.02,1
30083,0.92,0.01,0.01,0.01,0.01,1
30084,0.72,0.03,0.07,0.03,0.02,1
30085,0.61,0.04,0.08,0.11,0.03,1
30086,0.53,0.05,0.07,0.07,0.06,1
30087,0.66,0.04,0.07,0.05,0.03,1
30088,0.82,0.02,0.03,0.03,0.02,1
30089,0.85,0.01,0.05,0.02,0.01,1
30090,0.85,0.01,0.02,0.08,0.01,1
30091,0.89,0.01,0.02,0.03,0.01,1
30092,0.89,0.01,0.02,0.02,0.01,1
30093,0.82,0.02,0.03,0.03,0.02,1
30094,0.93,0.01,0.01,0.01,0.01,1
30095,0.85,0.02,0.04,0.02,0.01,1
30096,0.88,0.01,0.02,0.02,0.01,1
30097,0.94,0.01,0.01,0.01,0.01,1
30128,0.39,0.12,0.11,0.12,0.04,1
30129,0.11,0.06,0.11,0.34,0.06,8
30130,0.84,0.04,0.04,0.02,0.01,1
30131,0.78,0.02,0.08,0.02,0.02,1
30132,0.6,0.03,0.06,0.1,0.03,1
30133,0.76,0.04,0.03,0.03,0.03,1
30525,0.8,0.02,0.04,0.03,0.02,1
30526,0.33,0.07,0.13,0.07,0.07,1
30527,0.43,0.07,0.09,0.12,0.05,1
30528,0.81,0.02,0.04,0.03,0.02,1
30530,0.82,0.02,0.02,0.04,0.02,1
30531,0.86,0.01,0.05,0.01,0.01,1
30534,0.72,0.02,0.07,0.04,0.02,1
30536,0.8,0.02,0.04,0.02,0.02,1
30537,0.81,0.02,0.04,0.03,0.02,1
30538,0.87,0.02,0.02,0.01,0.01,1
30539,0.54,0.06,0.1,0.08,0.04,1
30540,0.88,0.01,0.02,0.02,0.01,1
30542,0.46,0.05,0.16,0.05,0.05,1
30543,0.69,0.05,0.06,0.03,0.03,1
30544,0.79,0.02,0.03,0.05,0.02,1
30545,0.63,0.04,0.1,0.04,0.04,1
30546,0.78,0.02,0.07,0.02,0.02,1
30547,0.93,0.01,0.02,0.01,0.01,1
30548,0.81,0.02,0.05,0.02,0.02,1
30549,0.81,0.01,0.12,0.01,0.01,1
30550,0.81,0.02,0.07,0.03,0.01,1
44631,0.82,0.01,0.09,0.03,0.01,1
44632,0.13,0.08,0.11,0.19,0.08,8
44633,0.11,0.08,0.12,0.25,0.07,8
44634,0.12,0.07,0.1,0.28,0.07,8
44635,0.14,0.07,0.15,0.19,0.07,8
44636,0.35,0.11,0.08,0.23,0.04,1
44637,0.46,0.03,0.04,0.35,0.02,1
44638,0.74,0.06,0.05,0.05,0.02,1
44639,0.07,0.08,0.07,0.08,0.08,6
44641,0.13,0.07,0.17,0.19,0.07,8
44642,0.29,0.12,0.1,0.07,0.07,1
44643,0.14,0.08,0.16,0.08,0.09,3
44644,0.36,0.06,0.16,0.07,0.06,1
44645,0.21,0.06,0.21,0.13,0.06,1
44646,0.45,0.11,0.13,0.08,0.04,1
44647,0.15,0.17,0.11,0.14,0.07,2
44648,0.37,0.06,0.18,0.06,0.05,1
44649,0.24,0.12,0.15,0.07,0.07,1
44650,0.55,0.03,0.15,0.05,0.04,1
44651,0.32,0.31,0.08,0.11,0.03,1
44653,0.18,0.11,0.15,0.09,0.08,1
44654,0.21,0.07,0.15,0.13,0.07,1
44656,0.31,0.08,0.09,0.1,0.06,1
54030,0.1,0.06,0.09,0.37,0.06,8
54031,0.1,0.07,0.08,0.38,0.06,8
54032,0.12,0.08,0.1,0.18,0.1,8
54033,0.1,0.06,0.08,0.36,0.06,8
54034,0.16,0.03,0.11,0.57,0.02,8
54035,0.09,0.08,0.08,0.34,0.07,8
54036,0.08,0.07,0.08,0.37,0.07,8
54037,0.12,0.06,0.08,0.43,0.06,8
54038,0.11,0.09,0.11,0.2,0.09,8
54039,0.08,0.12,0.09,0.39,0.05,8
54040,0.11,0.06,0.08,0.45,0.05,8
54041,0.13,0.06,0.09,0.31,0.07,8
54042,0.09,0.07,0.07,0.33,0.07,8
54043,0.09,0.07,0.09,0.31,0.07,8
54044,0.07,0.05,0.11,0.5,0.05,8
54045,0.09,0.06,0.12,0.34,0.07,8
54046,0.07,0.04,0.07,0.61,0.03,8
54047,0.16,0.07,0.11,0.24,0.07,8
54048,0.11,0.08,0.11,0.26,0.07,8
54049,0.24,0.08,0.09,0.22,0.06,1
54050,0.14,0.08,0.1,0.21,0.08,8
54051,0.15,0.05,0.07,0.5,0.04,8
54052,0.11,0.08,0.11,0.21,0.08,8
54053,0.08,0.09,0.09,0.08,0.09,6
54054,0.15,0.06,0.15,0.31,0.06,8
54055,0.09,0.05,0.08,0.45,0.05,8
54056,0.11,0.07,0.09,0.33,0.07,8
54058,0.11,0.07,0.07,0.34,0.08,8
54059,0.12,0.1,0.12,0.11,0.09,1
54060,0.13,0.09,0.12,0.2,0.07,8
54061,0.17,0.05,0.09,0.35,0.06,8
54062,0.14,0.06,0.08,0.34,0.07,8
54063,0.13,0.07,0.11,0.26,0.07,8
54064,0.09,0.06,0.08,0.44,0.06,8
54065,0.07,0.06,0.07,0.42,0.06,8
54067,0.08,0.07,0.1,0.31,0.07,8
54069,0.09,0.09,0.09,0.15,0.1,8
54070,0.41,0.01,0.04,0.48,0.01,8
54071,0.09,0.09,0.09,0.29,0.08,8
54072,0.09,0.05,0.11,0.47,0.05,8
54073,0.08,0.08,0.08,0.34,0.07,8
54074,0.12,0.11,0.11,0.14,0.13,8
54075,0.09,0.03,0.06,0.68,0.03,8
54076,0.08,0.07,0.08,0.36,0.07,8
54077,0.08,0.09,0.08,0.35,0.07,8
54078,0.08,0.05,0.07,0.53,0.05,8
54079,0.07,0.06,0.07,0.44,0.06,8
54080,0.1,0.08,0.07,0.48,0.05,8
54081,0.1,0.07,0.15,0.23,0.07,8
54082,0.1,0.08,0.09,0.29,0.07,8
54083,0.07,0.07,0.08,0.33,0.07,8
54084,0.1,0.09,0.11,0.25,0.07,8
54085,0.08,0.06,0.1,0.36,0.07,8
54086,0.19,0.06,0.15,0.21,0.07,8
54087,0.08,0.08,0.07,0.33,0.08,8
54089,0.09,0.07,0.1,0.29,0.07,8
54090,0.12,0.08,0.11,0.25,0.07,8
54091,0.1,0.04,0.09,0.51,0.04,8
54092,0.12,0.03,0.1,0.6,0.03,8
54093,0.07,0.07,0.07,0.38,0.07,8
54094,0.12,0.06,0.1,0.4,0.06,8
54095,0.07,0.06,0.11,0.37,0.06,8
54096,0.12,0.06,0.11,0.38,0.06,8
54097,0.08,0.05,0.12,0.51,0.04,8
54099,0.06,0.07,0.06,0.47,0.06,8
54100,0.1,0.1,0.08,0.23,0.08,8
54101,0.1,0.06,0.12,0.32,0.06,8
54102,0.11,0.06,0.08,0.5,0.04,8
54103,0.12,0.08,0.09,0.34,0.06,8
54104,0.09,0.07,0.09,0.45,0.05,8
54105,0.07,0.06,0.09,0.45,0.06,8
54106,0.41,0.04,0.1,0.23,0.04,1
54107,0.1,0.07,0.1,0.35,0.06,8
54108,0.18,0.07,0.09,0.28,0.07,8
54109,0.1,0.06,0.1,0.39,0.06,8
54110,0.1,0.06,0.08,0.38,0.06,8
54111,0.08,0.09,0.11,0.3,0.07,8
54112,0.12,0.06,0.09,0.36,0.06,8
54113,0.14,0.05,0.12,0.38,0.05,8
54114,0.07,0.06,0.07,0.43,0.07,8
54115,0.09,0.08,0.1,0.23,0.08,8
54116,0.13,0.08,0.13,0.2,0.07,8
54117,0.15,0.07,0.14,0.21,0.08,8
54119,0.18,0.07,0.13,0.22,0.06,8
54120,0.13,0.08,0.09,0.27,0.07,8
54122,0.13,0.05,0.09,0.39,0.06,8
54123,0.08,0.07,0.07,0.38,0.07,8
54124,0.29,0.06,0.1,0.24,0.05,1
54125,0.1,0.07,0.1,0.24,0.08,8
54126,0.08,0.08,0.08,0.35,0.07,8
54128,0.09,0.06,0.1,0.41,0.06,8
54129,0.09,0.07,0.08,0.32,0.07,8
54130,0.12,0.06,0.08,0.35,0.06,8
54131,0.13,0.04,0.1,0.48,0.05,8
54132,0.12,0.08,0.13,0.18,0.1,8
54133,0.09,0.05,0.08,0.48,0.05,8
54134,0.12,0.06,0.08,0.35,0.06,8
54135,0.24,0.07,0.12,0.14,0.07,1
54136,0.04,0.03,0.04,0.69,0.05,8
54137,0.19,0.08,0.12,0.13,0.08,1
54138,0.09,0.08,0.09,0.26,0.08,8
54139,0.13,0.1,0.11,0.21,0.07,8
54140,0.09,0.09,0.08,0.31,0.07,8
54141,0.08,0.08,0.09,0.23,0.08,8
54142,0.14,0.07,0.14,0.25,0.07,8
54143,0.08,0.06,0.07,0.4,0.07,8
54144,0.2,0.08,0.12,0.14,0.08,1
54145,0.12,0.07,0.09,0.34,0.06,8
54146,0.23,0.09,0.09,0.24,0.06,8
54147,0.11,0.08,0.13,0.19,0.08,8
54148,0.23,0.05,0.11,0.34,0.05,8
54149,0.08,0.07,0.08,0.33,0.07,8
54150,0.11,0.04,0.09,0.51,0.04,8
54151,0.24,0.07,0.13,0.16,0.07,1
54152,0.13,0.06,0.08,0.39,0.06,8
54153,0.1,0.07,0.07,0.37,0.07,8
54154,0.06,0.03,0.1,0.63,0.03,8
54157,0.09,0.15,0.08,0.3,0.06,8
54158,0.11,0.08,0.08,0.25,0.08,8
54159,0.08,0.09,0.09,0.3,0.07,8
54161,0.07,0.07,0.08,0.37,0.07,8
54162,0.04,0.03,0.04,0.69,0.03,8
54163,0.16,0.06,0.15,0.25,0.06,8
54164,0.08,0.08,0.08,0.09,0.08,6
54165,0.15,0.06,0.08,0.38,0.05,8
54166,0.11,0.05,0.07,0.6,0.03,8
54168,0.18,0.08,0.1,0.19,0.07,8
54169,0.19,0.07,0.22,0.08,0.07,3
54170,0.1,0.06,0.08,0.43,0.06,8
54171,0.13,0.06,0.12,0.27,0.07,8
54172,0.06,0.03,0.05,0.7,0.03,8
54173,0.11,0.07,0.08,0.3,0.07,8
54174,0.24,0.05,0.07,0.31,0.05,8
54175,0.09,0.07,0.1,0.31,0.08,8
54176,0.08,0.05,0.06,0.48,0.05,8
54177,0.08,0.06,0.12,0.41,0.06,8
54178,0.14,0.06,0.11,0.33,0.06,8
54179,0.06,0.03,0.04,0.7,0.03,8
54180,0.13,0.07,0.18,0.18,0.07,3
54181,0.11,0.06,0.07,0.4,0.06,8
54182,0.08,0.04,0.09,0.57,0.04,8
54183,0.14,0.11,0.1,0.34,0.05,8
54184,0.1,0.07,0.07,0.38,0.06,8
54185,0.08,0.08,0.08,0.31,0.08,8
54186,0.1,0.09,0.1,0.14,0.09,8
54187,0.1,0.07,0.09,0.33,0.07,8
54188,0.11,0.06,0.09,0.39,0.06,8
54189,0.08,0.07,0.07,0.37,0.07,8
54190,0.07,0.05,0.07,0.52,0.05,8
54191,0.09,0.08,0.1,0.24,0.08,8
54192,0.11,0.05,0.05,0.51,0.05,8
54193,0.09,0.1,0.09,0.27,0.08,8
54195,0.16,0.05,0.1,0.33,0.06,8
54197,0.13,0.03,0.07,0.6,0.03,8
54198,0.08,0.07,0.09,0.36,0.07,8
54199,0.16,0.06,0.17,0.29,0.05,8
54200,0.1,0.08,0.12,0.31,0.07,8
54202,0.11,0.07,0.12,0.3,0.07,8
54203,0.12,0.07,0.16,0.27,0.06,8
54204,0.12,0.09,0.12,0.27,0.07,8
54205,0.1,0.08,0.1,0.2,0.09,8
54206,0.13,0.04,0.13,0.45,0.04,8
54207,0.13,0.06,0.1,0.35,0.06,8
54208,0.09,0.06,0.08,0.49,0.05,8
54210,0.1,0.09,0.09,0.13,0.13,8
54211,0.15,0.07,0.1,0.24,0.07,8
54212,0.12,0.07,0.1,0.25,0.08,8
54213,0.1,0.03,0.07,0.66,0.02,8
54214,0.09,0.05,0.09,0.49,0.05,8
54215,0.05,0.03,0.06,0.72,0.02,8
54216,0.09,0.08,0.08,0.27,0.08,8
54217,0.08,0.07,0.08,0.35,0.07,8
54218,0.1,0.08,0.09,0.31,0.07,8
54219,0.09,0.13,0.1,0.26,0.07,8
54220,0.13,0.09,0.1,0.22,0.08,8
54221,0.12,0.06,0.09,0.4,0.05,8
54222,0.12,0.06,0.12,0.32,0.06,8
54223,0.08,0.07,0.08,0.33,0.07,8
54224,0.12,0.07,0.11,0.28,0.07,8
54225,0.15,0.06,0.1,0.35,0.06,8
54226,0.1,0.07,0.1,0.31,0.07,8
54227,0.09,0.06,0.09,0.38,0.06,8
54228,0.1,0.07,0.09,0.29,0.07,8
54229,0.09,0.08,0.08,0.28,0.08,8
54231,0.09,0.1,0.09,0.29,0.07,8
54232,0.09,0.1,0.09,0.25,0.08,8
54233,0.11,0.06,0.09,0.43,0.05,8
54234,0.16,0.08,0.15,0.11,0.08,1
54235,0.11,0.08,0.14,0.23,0.07,8
54236,0.1,0.08,0.07,0.38,0.07,8
54237,0.13,0.07,0.11,0.28,0.07,8
54238,0.11,0.05,0.08,0.44,0.05,8
54239,0.13,0.06,0.2,0.25,0.06,8
54240,0.13,0.07,0.1,0.24,0.08,8
54241,0.09,0.05,0.08,0.45,0.05,8
54242,0.12,0.11,0.08,0.3,0.08,8
54244,0.38,0.02,0.05,0.46,0.02,8
54245,0.11,0.07,0.08,0.36,0.06,8
54246,0.11,0.07,0.09,0.31,0.07,8
54247,0.1,0.07,0.08,0.35,0.07,8
54248,0.08,0.08,0.08,0.3,0.08,8
54249,0.17,0.04,0.06,0.52,0.04,8
54250,0.13,0.07,0.09,0.31,0.07,8
54251,0.08,0.06,0.08,0.43,0.06,8
54252,0.09,0.07,0.1,0.28,0.08,8
54253,0.1,0.09,0.15,0.21,0.09,8
54254,0.08,0.08,0.08,0.07,0.08,6
54257,0.13,0.07,0.08,0.32,0.07,8
54258,0.11,0.07,0.09,0.36,0.06,8
54259,0.09,0.06,0.07,0.42,0.06,8
54260,0.07,0.08,0.07,0.35,0.07,8
54261,0.06,0.06,0.06,0.45,0.06,8
54262,0.09,0.08,0.08,0.31,0.07,8
54263,0.14,0.1,0.13,0.15,0.08,8
54264,0.08,0.08,0.08,0.3,0.08,8
54265,0.1,0.07,0.07,0.44,0.05,8
54266,0.09,0.06,0.08,0.4,0.06,8
54267,0.08,0.02,0.04,0.73,0.02,8
54268,0.11,0.08,0.09,0.26,0.08,8
54270,0.09,0.06,0.1,0.41,0.05,8
54271,0.16,0.08,0.2,0.08,0.08,3
54272,0.21,0.07,0.12,0.18,0.07,1
54273,0.13,0.07,0.09,0.33,0.06,8
54274,0.14,0.11,0.09,0.24,0.07,8
54275,0.18,0.1,0.11,0.12,0.08,1
54276,0.15,0.05,0.09,0.4,0.05,8
54277,0.11,0.14,0.09,0.21,0.08,8
54279,0.08,0.07,0.09,0.37,0.07,8
54280,0.08,0.07,0.08,0.35,0.07,8
54281,0.09,0.07,0.09,0.35,0.07,8
54282,0.22,0.03,0.08,0.46,0.03,8
54283,0.09,0.04,0.06,0.6,0.03,8
54284,0.07,0.04,0.06,0.65,0.03,8
54285,0.08,0.07,0.08,0.33,0.07,8
54286,0.11,0.07,0.1,0.28,0.07,8
54287,0.12,0.08,0.09,0.22,0.08,8
54288,0.17,0.07,0.1,0.24,0.07,8
54289,0.14,0.07,0.11,0.24,0.07,8
54290,0.08,0.07,0.09,0.39,0.06,8
54291,0.12,0.07,0.13,0.24,0.07,8
54292,0.05,0.02,0.04,0.81,0.02,8
54293,0.11,0.07,0.11,0.36,0.06,8
54295,0.11,0.07,0.11,0.31,0.07,8
54296,0.11,0.08,0.11,0.23,0.08,8
54297,0.08,0.07,0.08,0.36,0.07,8
54298,0.08,0.07,0.09,0.34,0.07,8
54299,0.07,0.06,0.07,0.42,0.06,8
54300,0.11,0.09,0.13,0.25,0.07,8
54301,0.09,0.07,0.08,0.35,0.07,8
54302,0.17,0.06,0.13,0.28,0.06,8
54303,0.11,0.04,0.06,0.62,0.03,8
54304,0.12,0.07,0.09,0.29,0.07,8
54305,0.11,0.06,0.09,0.36,0.06,8
54306,0.09,0.05,0.08,0.47,0.05,8
54307,0.16,0.07,0.1,0.27,0.08,8
54308,0.1,0.07,0.11,0.25,0.08,8
54309,0.07,0.03,0.05,0.67,0.03,8
54310,0.1,0.07,0.08,0.35,0.07,8
54311,0.04,0.02,0.04,0.76,0.02,8
54312,0.13,0.07,0.1,0.31,0.07,8
54313,0.12,0.09,0.12,0.15,0.08,8
54314,0.09,0.12,0.07,0.34,0.07,8
54315,0.12,0.07,0.08,0.37,0.06,8
54316,0.06,0.06,0.06,0.46,0.06,8
54317,0.07,0.01,0.07,0.79,0.01,8
54318,0.07,0.05,0.08,0.53,0.04,8
54319,0.07,0.06,0.06,0.47,0.06,8
54320,0.17,0.08,0.1,0.22,0.07,8
54321,0.09,0.08,0.09,0.23,0.08,8
54322,0.14,0.08,0.13,0.15,0.09,8
54323,0.13,0.09,0.09,0.22,0.07,8
54324,0.23,0.05,0.1,0.35,0.04,8
54325,0.05,0.02,0.03,0.78,0.02,8
54326,0.07,0.07,0.07,0.4,0.06,8
54327,0.13,0.11,0.09,0.26,0.07,8
54329,0.19,0.06,0.16,0.23,0.06,8
54330,0.07,0.08,0.07,0.34,0.07,8
54332,0.08,0.09,0.06,0.47,0.05,8
55555,0.14,0.07,0.14,0.16,0.12,8
55557,0.31,0.04,0.14,0.12,0.19,1
55558,0.16,0.05,0.17,0.22,0.15,8
55559,0.28,0.04,0.26,0.05,0.15,1
55560,0.37,0.02,0.15,0.04,0.31,1
55561,0.26,0.07,0.12,0.08,0.11,1
55562,0.1,0.07,0.14,0.14,0.18,9
55564,0.11,0.08,0.11,0.2,0.08,8
55565,0.3,0.07,0.17,0.08,0.09,1
55566,0.14,0.08,0.2,0.09,0.12,3
55567,0.37,0.02,0.17,0.11,0.25,1
55569,0.12,0.07,0.26,0.11,0.07,3
55571,0.28,0.02,0.05,0.05,0.53,9
55572,0.16,0.07,0.16,0.11,0.15,1
55574,0.46,0.05,0.12,0.05,0.08,1
55575,0.29,0.03,0.09,0.08,0.4,9
55576,0.14,0.06,0.18,0.17,0.12,3
55577,0.24,0.03,0.15,0.03,0.42,9
55578,0.14,0.08,0.14,0.15,0.2,9
66133,0.39,0.14,0.11,0.08,0.06,1
66134,0.29,0.09,0.09,0.19,0.06,1
66135,0.3,0.1,0.05,0.4,0.02,8
66136,0.2,0.61,0.04,0.04,0.02,2
66137,0.13,0.17,0.14,0.17,0.06,2
66138,0.12,0.14,0.08,0.28,0.06,8
66139,0.23,0.1,0.13,0.14,0.07,1
66140,0.29,0.1,0.14,0.07,0.07,1
66141,0.44,0.1,0.07,0.17,0.04,1
66142,0.28,0.08,0.11,0.13,0.06,1
